timestamp,ticker,open,high,low,close,volume
2025-11-11 16:40:00+00:00,AAPL,271.97,271.99,271.78,271.875,269923
2025-11-11 16:45:00+00:00,AAPL,271.88,272.21,271.8178,272.0851,290353
2025-11-11 16:50:00+00:00,AAPL,272.085,272.25,271.87,272.079,220083
2025-11-11 16:55:00+00:00,AAPL,272.06,272.22,271.825,271.95,266076
2025-11-11 17:00:00+00:00,AAPL,271.93,272.63,271.8718,272.585,316421
2025-11-11 17:05:00+00:00,AAPL,272.585,272.81,272.42,272.45,219291
2025-11-11 17:10:00+00:00,AAPL,272.46,272.5799,272.21,272.5756,208417
2025-11-11 17:15:00+00:00,AAPL,272.58,272.92,272.5074,272.9051,231418
2025-11-11 17:20:00+00:00,AAPL,272.9035,273.59,272.83,273.57,659822
2025-11-11 17:25:00+00:00,AAPL,273.5701,273.615,273.2556,273.315,310138
2025-11-11 17:30:00+00:00,AAPL,273.33,273.45,273.03,273.414,263226
2025-11-11 17:35:00+00:00,AAPL,273.4,273.48,273.06,273.09,222959
2025-11-11 17:40:00+00:00,AAPL,273.1,273.59,273.05,273.58,222310
2025-11-11 17:45:00+00:00,AAPL,273.579,273.62,273.345,273.58,226239
2025-11-11 17:50:00+00:00,AAPL,273.585,273.74,273.51,273.56,281371
2025-11-11 17:55:00+00:00,AAPL,273.57,273.9,273.5501,273.83,449841
2025-11-11 18:00:00+00:00,AAPL,273.83,274.14,273.79,273.82,484859
2025-11-11 18:05:00+00:00,AAPL,273.84,274.24,273.7,274.19,263805
2025-11-11 18:10:00+00:00,AAPL,274.2,274.33,274.11,274.127,250683
2025-11-11 18:15:00+00:00,AAPL,274.13,274.47,274.05,274.45,290953
2025-11-11 18:20:00+00:00,AAPL,274.455,274.48,274.32,274.37,299503
2025-11-11 18:25:00+00:00,AAPL,274.37,274.7,274.37,274.48,347573
2025-11-11 18:30:00+00:00,AAPL,274.475,274.87,274.33,274.87,518844
2025-11-11 18:35:00+00:00,AAPL,274.86,274.98,274.26,274.37,554021
2025-11-11 18:40:00+00:00,AAPL,274.36,274.4833,274.16,274.45,323405
2025-11-11 18:45:00+00:00,AAPL,274.44,274.555,274.285,274.54,207785
2025-11-11 18:50:00+00:00,AAPL,274.54,274.6891,274.453,274.51,240110
2025-11-11 18:55:00+00:00,AAPL,274.53,274.58,274.383,274.46,228528
2025-11-11 19:00:00+00:00,AAPL,274.45,274.45,274.18,274.32,202300
2025-11-11 19:05:00+00:00,AAPL,274.3288,274.66,274.3101,274.65,332409
2025-11-11 19:10:00+00:00,AAPL,274.6444,275.12,274.6444,274.895,1040816
2025-11-11 19:15:00+00:00,AAPL,274.89,275.27,274.88,275.2,452290
2025-11-11 19:20:00+00:00,AAPL,275.21,275.66,275.14,275.38,398466
2025-11-11 19:25:00+00:00,AAPL,275.385,275.47,275.1893,275.33,310050
2025-11-11 19:30:00+00:00,AAPL,275.33,275.48,275.13,275.19,263314
2025-11-11 19:35:00+00:00,AAPL,275.18,275.35,275.08,275.19,281213
2025-11-11 19:40:00+00:00,AAPL,275.19,275.3199,275.0604,275.11,251999
2025-11-11 19:45:00+00:00,AAPL,275.109,275.355,275.05,275.28,231587
2025-11-11 19:50:00+00:00,AAPL,275.2783,275.4,275.18,275.34,213397
2025-11-11 19:55:00+00:00,AAPL,275.33,275.55,275.28,275.55,350305
2025-11-11 20:00:00+00:00,AAPL,275.54,275.91,275.46,275.665,384632
2025-11-11 20:05:00+00:00,AAPL,275.6799,275.76,275.44,275.46,384519
2025-11-11 20:10:00+00:00,AAPL,275.465,275.68,275.4,275.4218,281724
2025-11-11 20:15:00+00:00,AAPL,275.43,275.49,275.3,275.331,288405
2025-11-11 20:20:00+00:00,AAPL,275.3359,275.54,275.3359,275.46,335608
2025-11-11 20:25:00+00:00,AAPL,275.46,275.47,275.22,275.25,314304
2025-11-11 20:30:00+00:00,AAPL,275.24,275.55,275.07,275.45,393897
2025-11-11 20:35:00+00:00,AAPL,275.44,275.455,275.16,275.29,315392
2025-11-11 20:40:00+00:00,AAPL,275.29,275.48,275.01,275.46,439556
2025-11-11 20:45:00+00:00,AAPL,275.47,275.68,275.4542,275.63,502032
2025-11-11 20:50:00+00:00,AAPL,275.63,275.85,275.23,275.27,1008857
2025-11-11 20:55:00+00:00,AAPL,275.27,275.44,274.77,275.31,3174871
2025-11-11 21:00:00+00:00,AAPL,275.35,275.49,275.25,275.28,13715414
2025-11-11 21:05:00+00:00,AAPL,275.4,275.45,269.43,275.4487,304738
2025-11-11 21:10:00+00:00,AAPL,275.4,275.49,275.25,275.48,7346
2025-11-11 21:15:00+00:00,AAPL,275.49,275.6,275.25,275.54,6018
2025-11-11 21:20:00+00:00,AAPL,275.56,275.75,275.53,275.61,7339
2025-11-11 21:25:00+00:00,AAPL,275.68,275.68,275.25,275.48,160966
2025-11-11 21:30:00+00:00,AAPL,275.48,275.5,275.25,275.38,135061
2025-11-11 21:35:00+00:00,AAPL,275.31,275.4,275.25,275.3482,69495
2025-11-11 21:40:00+00:00,AAPL,275.33,275.4,275.25,275.3,2655
2025-11-11 21:45:00+00:00,AAPL,275.3975,275.4,275.25,275.29,29752
2025-11-11 21:50:00+00:00,AAPL,275.28,275.3965,275.25,275.26,3299
2025-11-11 21:55:00+00:00,AAPL,275.2503,275.3377,275.25,275.2512,2312
2025-11-11 22:00:00+00:00,AAPL,275.28,275.3,275.25,275.3,2610
2025-11-11 22:05:00+00:00,AAPL,275.28,275.3,275.25,275.26,2031
2025-11-11 22:10:00+00:00,AAPL,275.26,275.3,275.25,275.28,761
2025-11-11 22:15:00+00:00,AAPL,275.28,275.3,275.25,275.25,1679
2025-11-11 22:20:00+00:00,AAPL,275.2512,275.3385,275.25,275.32,3980
2025-11-11 22:25:00+00:00,AAPL,275.32,275.33,275.25,275.26,922
2025-11-11 22:30:00+00:00,AAPL,275.26,275.32,275.25,275.2507,365
2025-11-11 22:35:00+00:00,AAPL,275.25,275.28,275.25,275.2507,1095
2025-11-11 22:40:00+00:00,AAPL,275.25,275.28,275.25,275.2795,1886
2025-11-11 22:45:00+00:00,AAPL,275.27,275.3,275.25,275.28,4648
2025-11-11 22:50:00+00:00,AAPL,275.2987,275.34,275.25,275.25,2381
2025-11-11 22:55:00+00:00,AAPL,275.25,275.3,275.05,275.16,5391
2025-11-11 23:00:00+00:00,AAPL,275.11,275.25,275.05,275.1503,3749
2025-11-11 23:05:00+00:00,AAPL,275.2,275.25,274.74,274.74,9711
2025-11-11 23:10:00+00:00,AAPL,274.99,275.1,274.75,274.8,4745
2025-11-11 23:15:00+00:00,AAPL,274.87,275.1,274.8,275.0,1081
2025-11-11 23:20:00+00:00,AAPL,274.97,275.24,274.9,275.0,11012
2025-11-11 23:25:00+00:00,AAPL,275.1,275.24,274.91,274.95,1953
2025-11-11 23:30:00+00:00,AAPL,274.97,275.0,274.75,274.86,15245
2025-11-11 23:35:00+00:00,AAPL,274.8,275.195,274.8,275.195,1438
2025-11-11 23:40:00+00:00,AAPL,275.0,275.2437,275.0,275.0,1496
2025-11-11 23:45:00+00:00,AAPL,275.21,275.24,275.0,275.01,1142
2025-11-11 23:50:00+00:00,AAPL,275.06,275.24,275.05,275.0599,412
2025-11-11 23:55:00+00:00,AAPL,275.0112,275.1,274.87,274.87,2048
2025-11-12 00:00:00+00:00,AAPL,275.04,275.1,274.74,275.0,621
2025-11-12 00:05:00+00:00,AAPL,275.0,275.14,274.76,275.14,3666
2025-11-12 00:10:00+00:00,AAPL,275.0,275.14,275.0,275.02,248
2025-11-12 00:15:00+00:00,AAPL,275.0975,275.117,275.0,275.06,558
2025-11-12 00:20:00+00:00,AAPL,275.06,275.08,275.0,275.0,1678
2025-11-12 00:25:00+00:00,AAPL,275.05,275.3,275.0,275.2437,2609
2025-11-12 00:30:00+00:00,AAPL,275.1055,275.24,275.0,275.19,911
2025-11-12 00:35:00+00:00,AAPL,275.14,275.24,275.0001,275.2399,243
2025-11-12 00:40:00+00:00,AAPL,275.2,275.27,275.01,275.1153,804
2025-11-12 00:45:00+00:00,AAPL,275.16,275.27,275.016,275.25,1501
2025-11-12 00:50:00+00:00,AAPL,275.0601,275.3,275.0601,275.2852,2021
2025-11-12 00:55:00+00:00,AAPL,275.16,275.29,275.1,275.2899,2971
2025-11-14 16:40:00+00:00,AAPL,274.0298,274.3,273.98,274.23,312445
2025-11-14 16:45:00+00:00,AAPL,274.21,274.26,273.91,274.135,244104
2025-11-14 16:50:00+00:00,AAPL,274.135,274.56,274.135,274.475,476378
2025-11-14 16:55:00+00:00,AAPL,274.48,274.9499,274.43,274.83,722979
2025-11-14 17:00:00+00:00,AAPL,274.8,274.86,274.56,274.6575,266139
2025-11-14 17:05:00+00:00,AAPL,274.62,275.09,274.58,275.02,502965
2025-11-14 17:10:00+00:00,AAPL,275.04,275.6619,275.01,275.63,689841
2025-11-14 17:15:00+00:00,AAPL,275.63,275.92,275.54,275.75,405943
2025-11-14 17:20:00+00:00,AAPL,275.75,275.88,275.51,275.58,290824
2025-11-14 17:25:00+00:00,AAPL,275.57,275.73,275.39,275.705,535117
2025-11-14 17:30:00+00:00,AAPL,275.71,275.71,275.42,275.595,205625
2025-11-14 17:35:00+00:00,AAPL,275.6,275.96,275.55,275.84,245612
2025-11-14 17:40:00+00:00,AAPL,275.83,275.83,275.43,275.55,166708
2025-11-14 17:45:00+00:00,AAPL,275.54,275.69,275.16,275.23,291267
2025-11-14 17:50:00+00:00,AAPL,275.24,275.26,274.8498,275.115,288210
2025-11-14 17:55:00+00:00,AAPL,275.1,275.38,274.98,275.13,306655
2025-11-14 18:00:00+00:00,AAPL,275.12,275.12,274.27,274.3095,236303
2025-11-14 18:05:00+00:00,AAPL,274.28,274.7,274.23,274.65,189437
2025-11-14 18:10:00+00:00,AAPL,274.6605,275.0166,274.48,274.958,725696
2025-11-14 18:15:00+00:00,AAPL,274.965,274.97,274.3,274.375,139703
2025-11-14 18:20:00+00:00,AAPL,274.39,274.4816,274.28,274.465,133823
2025-11-14 18:25:00+00:00,AAPL,274.5,274.68,274.325,274.585,180467
2025-11-14 18:30:00+00:00,AAPL,274.57,274.76,274.4268,274.62,137332
2025-11-14 18:35:00+00:00,AAPL,274.68,274.69,274.14,274.235,152555
2025-11-14 18:40:00+00:00,AAPL,274.25,274.3,273.94,274.0,261865
2025-11-14 18:45:00+00:00,AAPL,274.0,274.22,273.84,273.99,170917
2025-11-14 18:50:00+00:00,AAPL,274.0,274.48,273.94,274.4651,165335
2025-11-14 18:55:00+00:00,AAPL,274.47,274.58,274.03,274.18,199713
2025-11-14 19:00:00+00:00,AAPL,274.1668,274.42,274.09,274.191,147284
2025-11-14 19:05:00+00:00,AAPL,274.205,274.25,273.85,273.9733,142670
2025-11-14 19:10:00+00:00,AAPL,274.01,274.16,273.98,274.15,186100
2025-11-14 19:15:00+00:00,AAPL,274.15,274.22,273.95,274.02,160524
2025-11-14 19:20:00+00:00,AAPL,274.045,274.39,274.04,274.225,225132
2025-11-14 19:25:00+00:00,AAPL,274.22,274.24,273.91,273.96,170849
2025-11-14 19:30:00+00:00,AAPL,273.97,274.18,273.89,273.9501,199005
2025-11-14 19:35:00+00:00,AAPL,273.95,274.14,273.92,274.07,152758
2025-11-14 19:40:00+00:00,AAPL,274.07,274.11,273.901,273.917,173372
2025-11-14 19:45:00+00:00,AAPL,273.93,274.26,273.8,273.9,201782
2025-11-14 19:50:00+00:00,AAPL,273.89,274.08,273.85,273.935,150717
2025-11-14 19:55:00+00:00,AAPL,273.95,274.117,273.92,274.02,185372
2025-11-14 20:00:00+00:00,AAPL,274.02,274.24,273.93,274.03,189275
2025-11-14 20:05:00+00:00,AAPL,274.03,274.06,273.76,273.83,244380
2025-11-14 20:10:00+00:00,AAPL,273.8201,273.96,273.66,273.74,336584
2025-11-14 20:15:00+00:00,AAPL,273.73,273.82,273.43,273.4456,270919
2025-11-14 20:20:00+00:00,AAPL,273.45,273.54,272.95,273.23,425046
2025-11-14 20:25:00+00:00,AAPL,273.23,273.27,272.89,272.99,319607
2025-11-14 20:30:00+00:00,AAPL,272.97,273.18,272.87,273.18,331913
2025-11-14 20:35:00+00:00,AAPL,273.18,273.28,273.01,273.17,365322
2025-11-14 20:40:00+00:00,AAPL,273.16,273.16,272.63,272.915,466601
2025-11-14 20:45:00+00:00,AAPL,272.9041,273.0455,272.52,272.615,333420
2025-11-14 20:50:00+00:00,AAPL,272.63,272.75,272.24,272.45,854452
2025-11-14 20:55:00+00:00,AAPL,272.435,272.6,272.17,272.6,2004896
2025-11-14 21:00:00+00:00,AAPL,272.41,272.95,272.2,272.35,15064909
2025-11-14 21:05:00+00:00,AAPL,272.37,272.41,272.0,272.4,54325
2025-11-14 21:10:00+00:00,AAPL,272.41,272.72,258.02,272.48,28931
2025-11-14 21:15:00+00:00,AAPL,272.63,272.64,272.4,272.63,3789
2025-11-14 21:20:00+00:00,AAPL,272.54,272.64,272.4,272.41,222040
2025-11-14 21:25:00+00:00,AAPL,272.48,272.5,272.41,272.45,2676
2025-11-14 21:30:00+00:00,AAPL,272.4518,272.6,272.45,272.5,3660
2025-11-14 21:35:00+00:00,AAPL,272.45,272.6,272.41,272.46,7048
2025-11-14 21:40:00+00:00,AAPL,272.53,272.6,272.45,272.59,4362
2025-11-14 21:45:00+00:00,AAPL,272.5887,272.5887,272.45,272.46,3229
2025-11-14 21:50:00+00:00,AAPL,272.45,272.5,272.41,272.4982,12679
2025-11-14 21:55:00+00:00,AAPL,272.49,272.59,272.45,272.49,2966
2025-11-14 22:00:00+00:00,AAPL,272.4701,272.59,272.47,272.47,1981
2025-11-14 22:05:00+00:00,AAPL,272.5,272.5891,272.47,272.49,1660
2025-11-14 22:10:00+00:00,AAPL,272.55,272.59,272.52,272.52,2391
2025-11-14 22:15:00+00:00,AAPL,272.5,278.125,253.7792,272.47,13377
2025-11-14 22:20:00+00:00,AAPL,272.49,272.49,258.0149,272.4895,1461
2025-11-14 22:25:00+00:00,AAPL,272.48,272.49,272.45,272.48,2981
2025-11-14 22:30:00+00:00,AAPL,272.48,272.49,272.45,272.49,1865
2025-11-14 22:35:00+00:00,AAPL,272.45,278.125,272.45,272.5,11161
2025-11-14 22:40:00+00:00,AAPL,272.5182,272.5182,272.45,272.4501,647
2025-11-14 22:45:00+00:00,AAPL,272.45,272.48,272.45,272.4792,1641
2025-11-14 22:50:00+00:00,AAPL,272.4527,272.48,272.45,272.4501,2279
2025-11-14 22:55:00+00:00,AAPL,272.45,272.47,272.42,272.45,3339
2025-11-14 23:00:00+00:00,AAPL,272.4508,272.5161,272.45,272.47,2826
2025-11-14 23:05:00+00:00,AAPL,272.4688,272.52,272.45,272.46,2775
2025-11-14 23:10:00+00:00,AAPL,272.52,272.52,272.46,272.52,524
2025-11-14 23:15:00+00:00,AAPL,272.5,272.6,272.5,272.5112,4052
2025-11-14 23:20:00+00:00,AAPL,272.55,272.5988,272.5,272.52,740
2025-11-14 23:25:00+00:00,AAPL,272.5,272.6,272.5,272.51,332
2025-11-14 23:30:00+00:00,AAPL,272.55,272.6,272.5,272.5,1085
2025-11-14 23:35:00+00:00,AAPL,272.55,272.6,272.5,272.51,1347
2025-11-14 23:40:00+00:00,AAPL,272.51,272.58,272.51,272.5605,261
2025-11-14 23:45:00+00:00,AAPL,272.5604,272.58,272.56,272.56,231
2025-11-14 23:50:00+00:00,AAPL,272.5608,272.58,272.56,272.5604,937
2025-11-14 23:55:00+00:00,AAPL,272.56,272.58,272.53,272.53,580
2025-11-15 00:00:00+00:00,AAPL,272.5755,272.65,272.53,272.6,1530
2025-11-15 00:05:00+00:00,AAPL,272.6,272.6912,272.6,272.6912,6501
2025-11-15 00:10:00+00:00,AAPL,272.7,272.74,272.64,272.73,1694
2025-11-15 00:15:00+00:00,AAPL,272.74,272.74,272.64,272.71,300
2025-11-15 00:20:00+00:00,AAPL,272.71,272.74,272.61,272.61,924
2025-11-15 00:25:00+00:00,AAPL,272.69,272.7562,272.61,272.67,555
2025-11-15 00:30:00+00:00,AAPL,272.7,272.7588,272.61,272.61,569
2025-11-15 00:35:00+00:00,AAPL,272.61,272.75,272.61,272.62,2773
2025-11-15 00:40:00+00:00,AAPL,272.73,272.75,272.614,272.7,2025
2025-11-15 00:45:00+00:00,AAPL,272.68,272.7,272.54,272.64,519
2025-11-15 00:50:00+00:00,AAPL,272.58,272.65,272.5,272.6,941
2025-11-15 00:55:00+00:00,AAPL,272.61,272.88,272.559,272.8275,3914
2025-11-11 16:40:00+00:00,AMZN,247.71,247.91,247.57,247.67,137622
2025-11-11 16:45:00+00:00,AMZN,247.69,247.89,247.59,247.74,1008093
2025-11-11 16:50:00+00:00,AMZN,247.75,247.92,247.54,247.825,297841
2025-11-11 16:55:00+00:00,AMZN,247.81,247.91,247.57,247.75,113941
2025-11-11 17:00:00+00:00,AMZN,247.73,247.94,247.67,247.865,98546
2025-11-11 17:05:00+00:00,AMZN,247.88,248.43,247.88,248.09,191314
2025-11-11 17:10:00+00:00,AMZN,248.11,248.1799,247.7792,248.04,126799
2025-11-11 17:15:00+00:00,AMZN,248.05,248.48,248.0496,248.3092,179708
2025-11-11 17:20:00+00:00,AMZN,248.31,248.44,248.21,248.32,114909
2025-11-11 17:25:00+00:00,AMZN,248.34,248.3646,247.97,248.2683,162051
2025-11-11 17:30:00+00:00,AMZN,248.2736,248.4628,248.27,248.305,122775
2025-11-11 17:35:00+00:00,AMZN,248.29,248.43,248.16,248.271,106668
2025-11-11 17:40:00+00:00,AMZN,248.28,248.38,248.14,248.33,85558
2025-11-11 17:45:00+00:00,AMZN,248.35,248.54,248.2,248.4204,150896
2025-11-11 17:50:00+00:00,AMZN,248.425,248.79,248.0,248.61,256097
2025-11-11 17:55:00+00:00,AMZN,248.57,248.793,248.57,248.66,168979
2025-11-11 18:00:00+00:00,AMZN,248.65,249.0999,248.62,248.8596,300603
2025-11-11 18:05:00+00:00,AMZN,248.88,248.99,248.8101,248.83,220934
2025-11-11 18:10:00+00:00,AMZN,248.855,248.9,248.675,248.72,135586
2025-11-11 18:15:00+00:00,AMZN,248.715,249.03,248.63,248.98,189284
2025-11-11 18:20:00+00:00,AMZN,249.0,249.326,248.9901,249.21,236137
2025-11-11 18:25:00+00:00,AMZN,249.228,249.39,249.1178,249.326,156121
2025-11-11 18:30:00+00:00,AMZN,249.325,249.46,249.17,249.2908,198386
2025-11-11 18:35:00+00:00,AMZN,249.275,249.4099,249.1043,249.31,150713
2025-11-11 18:40:00+00:00,AMZN,249.335,249.41,249.17,249.325,139534
2025-11-11 18:45:00+00:00,AMZN,249.31,249.35,249.17,249.335,127419
2025-11-11 18:50:00+00:00,AMZN,249.335,249.58,249.21,249.51,144682
2025-11-11 18:55:00+00:00,AMZN,249.5168,249.7499,249.4901,249.6,182935
2025-11-11 19:00:00+00:00,AMZN,249.58,249.65,249.22,249.585,201358
2025-11-11 19:05:00+00:00,AMZN,249.615,249.65,249.2401,249.2699,145258
2025-11-11 19:10:00+00:00,AMZN,249.2636,249.46,249.23,249.33,132203
2025-11-11 19:15:00+00:00,AMZN,249.35,249.575,249.33,249.455,150451
2025-11-11 19:20:00+00:00,AMZN,249.48,249.58,249.26,249.401,111424
2025-11-11 19:25:00+00:00,AMZN,249.39,249.515,249.35,249.37,109890
2025-11-11 19:30:00+00:00,AMZN,249.39,249.5,249.36,249.3796,105237
2025-11-11 19:35:00+00:00,AMZN,249.387,249.41,249.23,249.29,139052
2025-11-11 19:40:00+00:00,AMZN,249.285,249.34,249.0,249.035,134840
2025-11-11 19:45:00+00:00,AMZN,249.037,249.27,249.0,249.18,144766
2025-11-11 19:50:00+00:00,AMZN,249.2,249.22,249.02,249.195,126180
2025-11-11 19:55:00+00:00,AMZN,249.19,249.24,249.03,249.08,128839
2025-11-11 20:00:00+00:00,AMZN,249.06,249.17,248.995,249.0883,128204
2025-11-11 20:05:00+00:00,AMZN,249.08,249.22,249.0519,249.081,133643
2025-11-11 20:10:00+00:00,AMZN,249.08,249.4,249.07,249.3822,156984
2025-11-11 20:15:00+00:00,AMZN,249.3701,249.43,249.1503,249.23,141194
2025-11-11 20:20:00+00:00,AMZN,249.225,249.2599,248.94,249.045,162322
2025-11-11 20:25:00+00:00,AMZN,249.03,249.11,248.82,248.88,191113
2025-11-11 20:30:00+00:00,AMZN,248.86,249.09,248.8001,249.01,173857
2025-11-11 20:35:00+00:00,AMZN,249.0,249.06,248.8,248.91,185203
2025-11-11 20:40:00+00:00,AMZN,248.91,249.21,248.86,249.0499,219461
2025-11-11 20:45:00+00:00,AMZN,249.0499,249.2,248.8906,249.172,208169
2025-11-11 20:50:00+00:00,AMZN,249.17,249.48,249.16,249.29,422877
2025-11-11 20:55:00+00:00,AMZN,249.28,249.36,248.75,249.08,1384381
2025-11-11 21:00:00+00:00,AMZN,249.13,249.17,248.55,249.115,6747139
2025-11-11 21:05:00+00:00,AMZN,249.1,249.17,248.4,249.14,33289
2025-11-11 21:10:00+00:00,AMZN,249.13,249.25,249.1,249.22,7914
2025-11-11 21:15:00+00:00,AMZN,249.25,249.36,249.1,249.21,6142
2025-11-11 21:20:00+00:00,AMZN,249.1,249.25,249.1,249.169,12491
2025-11-11 21:25:00+00:00,AMZN,249.14,249.14,248.7,249.0999,5262
2025-11-11 21:30:00+00:00,AMZN,248.81,249.1,248.71,249.0,80820
2025-11-11 21:35:00+00:00,AMZN,248.9,249.1,248.79,248.97,1345
2025-11-11 21:40:00+00:00,AMZN,248.89,249.05,248.76,248.92,1415
2025-11-11 21:45:00+00:00,AMZN,249.04,249.1,248.79,248.925,7046
2025-11-11 21:50:00+00:00,AMZN,248.925,249.05,248.8,248.91,984
2025-11-11 21:55:00+00:00,AMZN,248.91,249.0,248.82,248.87,1810
2025-11-11 22:00:00+00:00,AMZN,248.87,249.0,248.82,248.8212,805
2025-11-11 22:05:00+00:00,AMZN,248.9,260.0304,248.82,248.91,1122
2025-11-11 22:10:00+00:00,AMZN,248.91,256.0429,248.82,248.915,1795
2025-11-11 22:15:00+00:00,AMZN,248.86,256.1294,248.82,248.97,608
2025-11-11 22:20:00+00:00,AMZN,249.0,260.0304,248.82,248.9975,1530
2025-11-11 22:25:00+00:00,AMZN,248.9994,249.05,248.9,249.02,2910
2025-11-11 22:30:00+00:00,AMZN,249.02,249.05,234.2573,248.99,2942
2025-11-11 22:35:00+00:00,AMZN,248.995,249.04,248.99,248.99,896
2025-11-11 22:40:00+00:00,AMZN,249.015,256.1294,248.99,248.99,1925
2025-11-11 22:45:00+00:00,AMZN,248.99,249.04,248.99,249.0001,1619
2025-11-11 22:50:00+00:00,AMZN,249.01,249.12,248.99,249.115,3076
2025-11-11 22:55:00+00:00,AMZN,249.09,249.11,249.0,249.05,515
2025-11-11 23:00:00+00:00,AMZN,249.06,249.25,249.0,249.06,2411
2025-11-11 23:05:00+00:00,AMZN,249.075,249.09,248.8,249.03,3911
2025-11-11 23:10:00+00:00,AMZN,248.81,249.05,248.4132,248.66,2359
2025-11-11 23:15:00+00:00,AMZN,248.73,248.8999,248.43,248.75,997
2025-11-11 23:20:00+00:00,AMZN,248.695,248.965,248.5,248.79,1298
2025-11-11 23:25:00+00:00,AMZN,248.88,249.05,248.65,248.74,1102
2025-11-11 23:30:00+00:00,AMZN,248.83,249.0,248.61,248.72,636
2025-11-11 23:35:00+00:00,AMZN,248.77,248.98,248.73,248.98,645
2025-11-11 23:40:00+00:00,AMZN,248.78,248.98,248.74,248.89,1017
2025-11-11 23:45:00+00:00,AMZN,248.98,248.98,248.81,248.87,921
2025-11-11 23:50:00+00:00,AMZN,248.9,248.96,248.8137,248.96,1509
2025-11-11 23:55:00+00:00,AMZN,248.94,248.98,248.9,248.9,4374
2025-11-12 00:00:00+00:00,AMZN,248.98,248.98,248.88,248.92,2807
2025-11-12 00:05:00+00:00,AMZN,248.92,248.96,248.74,248.855,955
2025-11-12 00:10:00+00:00,AMZN,248.855,248.96,248.73,248.845,444
2025-11-12 00:15:00+00:00,AMZN,248.73,248.96,248.73,248.825,544
2025-11-12 00:20:00+00:00,AMZN,248.9,248.9,248.75,248.75,353
2025-11-12 00:25:00+00:00,AMZN,248.88,249.05,248.75,248.935,3484
2025-11-12 00:30:00+00:00,AMZN,248.935,249.05,248.93,248.99,478
2025-11-12 00:35:00+00:00,AMZN,248.99,249.05,248.93,248.99,872
2025-11-12 00:40:00+00:00,AMZN,249.05,249.05,248.93,248.968,662
2025-11-12 00:45:00+00:00,AMZN,248.99,249.2,248.93,249.03,1146
2025-11-12 00:50:00+00:00,AMZN,249.0,249.36,248.94,249.15,5512
2025-11-12 00:55:00+00:00,AMZN,249.15,249.3,248.76,249.045,4018
2025-11-14 16:40:00+00:00,AMZN,238.14,238.3056,237.67,237.73,384643
2025-11-14 16:45:00+00:00,AMZN,237.73,237.7823,237.265,237.7725,300947
2025-11-14 16:50:00+00:00,AMZN,237.74,238.02,237.69,237.8,262998
2025-11-14 16:55:00+00:00,AMZN,237.8,238.05,237.71,237.881,193099
2025-11-14 17:00:00+00:00,AMZN,237.8699,238.0,237.64,237.9105,183361
2025-11-14 17:05:00+00:00,AMZN,237.91,237.98,237.66,237.9602,174319
2025-11-14 17:10:00+00:00,AMZN,237.975,238.28,237.975,238.05,297816
2025-11-14 17:15:00+00:00,AMZN,238.05,238.055,237.62,237.68,203639
2025-11-14 17:20:00+00:00,AMZN,237.69,237.82,237.482,237.51,201939
2025-11-14 17:25:00+00:00,AMZN,237.5297,237.5899,237.22,237.56,194346
2025-11-14 17:30:00+00:00,AMZN,237.52,237.52,237.15,237.42,163101
2025-11-14 17:35:00+00:00,AMZN,237.42,237.7,237.23,237.54,214289
2025-11-14 17:40:00+00:00,AMZN,237.535,237.56,237.13,237.22,183891
2025-11-14 17:45:00+00:00,AMZN,237.21,237.4,236.66,236.7,338709
2025-11-14 17:50:00+00:00,AMZN,236.72,236.91,236.38,236.7767,351031
2025-11-14 17:55:00+00:00,AMZN,236.765,236.81,236.37,236.605,637622
2025-11-14 18:00:00+00:00,AMZN,236.595,236.62,236.08,236.1164,238560
2025-11-14 18:05:00+00:00,AMZN,236.115,236.25,235.77,236.22,276262
2025-11-14 18:10:00+00:00,AMZN,236.2,236.78,235.99,236.76,219663
2025-11-14 18:15:00+00:00,AMZN,236.76,236.78,236.09,236.1804,218928
2025-11-14 18:20:00+00:00,AMZN,236.185,236.2,235.85,235.975,255676
2025-11-14 18:25:00+00:00,AMZN,236.0,236.23,235.8008,236.2064,223291
2025-11-14 18:30:00+00:00,AMZN,236.18,236.39,236.0,236.14,170443
2025-11-14 18:35:00+00:00,AMZN,236.14,236.16,235.4,235.565,266784
2025-11-14 18:40:00+00:00,AMZN,235.55,235.6183,235.23,235.31,258143
2025-11-14 18:45:00+00:00,AMZN,235.305,235.55,235.2,235.5499,161340
2025-11-14 18:50:00+00:00,AMZN,235.56,236.31,235.55,236.285,181787
2025-11-14 18:55:00+00:00,AMZN,236.29,236.4195,236.1,236.235,185564
2025-11-14 19:00:00+00:00,AMZN,236.24,236.4,236.09,236.18,144127
2025-11-14 19:05:00+00:00,AMZN,236.2,236.35,235.8264,236.02,187059
2025-11-14 19:10:00+00:00,AMZN,236.01,236.23,235.8801,236.01,167889
2025-11-14 19:15:00+00:00,AMZN,236.0,236.16,235.77,235.88,162655
2025-11-14 19:20:00+00:00,AMZN,235.875,236.5,235.875,236.435,233271
2025-11-14 19:25:00+00:00,AMZN,236.435,236.47,236.14,236.2551,195530
2025-11-14 19:30:00+00:00,AMZN,236.26,236.3,235.78,235.84,207851
2025-11-14 19:35:00+00:00,AMZN,235.81,235.91,235.65,235.715,863630
2025-11-14 19:40:00+00:00,AMZN,235.72,235.72,235.36,235.43,245280
2025-11-14 19:45:00+00:00,AMZN,235.44,235.92,235.33,235.445,453230
2025-11-14 19:50:00+00:00,AMZN,235.44,235.6044,235.34,235.425,192165
2025-11-14 19:55:00+00:00,AMZN,235.44,235.69,235.38,235.5747,354465
2025-11-14 20:00:00+00:00,AMZN,235.59,235.9,235.59,235.6,339362
2025-11-14 20:05:00+00:00,AMZN,235.5953,235.69,235.42,235.5,364658
2025-11-14 20:10:00+00:00,AMZN,235.49,235.855,235.33,235.4004,378277
2025-11-14 20:15:00+00:00,AMZN,235.4118,235.5,235.12,235.2479,378749
2025-11-14 20:20:00+00:00,AMZN,235.25,235.3873,235.0,235.12,439449
2025-11-14 20:25:00+00:00,AMZN,235.105,235.31,234.98,235.2,304935
2025-11-14 20:30:00+00:00,AMZN,235.2,235.24,234.87,235.08,404304
2025-11-14 20:35:00+00:00,AMZN,235.1,235.28,234.88,235.0,550843
2025-11-14 20:40:00+00:00,AMZN,234.995,235.05,234.65,234.65,523668
2025-11-14 20:45:00+00:00,AMZN,234.65,235.09,234.625,234.86,757132
2025-11-14 20:50:00+00:00,AMZN,234.88,235.21,234.72,235.03,1029348
2025-11-14 20:55:00+00:00,AMZN,235.04,235.09,234.31,234.75,2451597
2025-11-14 21:00:00+00:00,AMZN,234.75,237.58,234.47,234.71,8355088
2025-11-14 21:05:00+00:00,AMZN,234.7193,234.9,234.25,234.6752,99216
2025-11-14 21:10:00+00:00,AMZN,234.7,246.14,234.53,234.8,25940
2025-11-14 21:15:00+00:00,AMZN,234.85,235.9112,234.69,234.9999,9089
2025-11-14 21:20:00+00:00,AMZN,234.925,235.18,219.51,234.93,10914
2025-11-14 21:25:00+00:00,AMZN,234.69,235.0,234.69,234.76,4804
2025-11-14 21:30:00+00:00,AMZN,234.89,235.1,234.69,235.0004,122148
2025-11-14 21:35:00+00:00,AMZN,235.0975,235.2,234.69,234.97,12364
2025-11-14 21:40:00+00:00,AMZN,234.97,235.0,234.75,235.0,6265
2025-11-14 21:45:00+00:00,AMZN,234.82,235.18,234.82,235.0,1289
2025-11-14 21:50:00+00:00,AMZN,235.07,235.1,234.69,234.86,134784
2025-11-14 21:55:00+00:00,AMZN,234.82,242.3694,234.82,234.95,5628
2025-11-14 22:00:00+00:00,AMZN,235.0,235.2,233.3059,235.1,3242
2025-11-14 22:05:00+00:00,AMZN,235.1,235.19,235.0,235.04,3918
2025-11-14 22:10:00+00:00,AMZN,235.01,235.19,221.5176,235.05,2348
2025-11-14 22:15:00+00:00,AMZN,235.19,235.19,233.3059,235.05,7744
2025-11-14 22:20:00+00:00,AMZN,235.025,235.05,234.855,234.98,7544
2025-11-14 22:25:00+00:00,AMZN,234.91,235.09,234.91,235.05,3474
2025-11-14 22:30:00+00:00,AMZN,235.05,235.09,235.01,235.04,2421
2025-11-14 22:35:00+00:00,AMZN,235.05,235.445,235.01,235.34,11833
2025-11-14 22:40:00+00:00,AMZN,235.34,235.45,234.69,235.275,68090
2025-11-14 22:45:00+00:00,AMZN,235.3,235.45,235.16,235.16,1428
2025-11-14 22:50:00+00:00,AMZN,235.36,235.44,235.15,235.345,2301
2025-11-14 22:55:00+00:00,AMZN,235.25,235.44,235.25,235.345,3537
2025-11-14 23:00:00+00:00,AMZN,235.35,235.44,235.2,235.38,1366
2025-11-14 23:05:00+00:00,AMZN,235.43,235.44,235.3,235.37,598
2025-11-14 23:10:00+00:00,AMZN,235.37,235.45,235.2,235.38,1612
2025-11-14 23:15:00+00:00,AMZN,235.375,240.2914,235.3,235.4493,2250
2025-11-14 23:20:00+00:00,AMZN,235.45,235.45,235.35,235.35,1776
2025-11-14 23:25:00+00:00,AMZN,235.45,235.45,235.35,235.4145,3510
2025-11-14 23:30:00+00:00,AMZN,235.4,235.45,235.36,235.405,646
2025-11-14 23:35:00+00:00,AMZN,235.44,235.58,235.405,235.495,4455
2025-11-14 23:40:00+00:00,AMZN,235.58,235.65,235.45,235.65,5248
2025-11-14 23:45:00+00:00,AMZN,235.62,235.7,235.5,235.55,5732
2025-11-14 23:50:00+00:00,AMZN,235.55,235.56,235.5,235.51,4637
2025-11-14 23:55:00+00:00,AMZN,235.5018,235.52,235.4912,235.5,2723
2025-11-15 00:00:00+00:00,AMZN,235.4999,235.6999,235.49,235.55,4054
2025-11-15 00:05:00+00:00,AMZN,235.55,235.7,235.5,235.6999,4954
2025-11-15 00:10:00+00:00,AMZN,235.62,235.69,235.59,235.68,4160
2025-11-15 00:15:00+00:00,AMZN,235.68,235.6897,235.56,235.5883,5164
2025-11-15 00:20:00+00:00,AMZN,235.55,235.59,235.5,235.5787,1273
2025-11-15 00:25:00+00:00,AMZN,235.5,235.5753,235.35,235.4,9397
2025-11-15 00:30:00+00:00,AMZN,235.47,235.52,235.35,235.5,954
2025-11-15 00:35:00+00:00,AMZN,235.52,235.52,235.35,235.49,2060
2025-11-15 00:40:00+00:00,AMZN,235.45,235.49,235.41,235.49,3403
2025-11-15 00:45:00+00:00,AMZN,235.47,235.49,235.42,235.45,2813
2025-11-15 00:50:00+00:00,AMZN,235.42,235.45,235.35,235.385,2044
2025-11-15 00:55:00+00:00,AMZN,235.4191,235.64,235.385,235.52,5341
2025-11-11 16:40:00+00:00,GOOGL,288.74,288.9894,288.65,288.71,102011
2025-11-11 16:45:00+00:00,GOOGL,288.72,288.92,288.59,288.75,101467
2025-11-11 16:50:00+00:00,GOOGL,288.7832,288.95,288.67,288.88,92131
2025-11-11 16:55:00+00:00,GOOGL,288.877,288.97,288.6,288.785,111170
2025-11-11 17:00:00+00:00,GOOGL,288.76,289.1699,288.76,289.15,154485
2025-11-11 17:05:00+00:00,GOOGL,289.16,289.6097,289.16,289.17,140103
2025-11-11 17:10:00+00:00,GOOGL,289.15,289.23,288.86,289.2,113715
2025-11-11 17:15:00+00:00,GOOGL,289.18,289.8899,289.09,289.81,183894
2025-11-11 17:20:00+00:00,GOOGL,289.815,290.13,289.7,289.785,192370
2025-11-11 17:25:00+00:00,GOOGL,289.81,289.81,289.49,289.54,102470
2025-11-11 17:30:00+00:00,GOOGL,289.55,289.73,289.48,289.53,98328
2025-11-11 17:35:00+00:00,GOOGL,289.525,289.54,289.13,289.13,112816
2025-11-11 17:40:00+00:00,GOOGL,289.15,289.33,289.1,289.29,97598
2025-11-11 17:45:00+00:00,GOOGL,289.33,289.42,289.19,289.3207,99042
2025-11-11 17:50:00+00:00,GOOGL,289.34,289.49,289.27,289.345,100981
2025-11-11 17:55:00+00:00,GOOGL,289.32,289.54,289.21,289.345,131763
2025-11-11 18:00:00+00:00,GOOGL,289.33,289.49,288.93,289.08,118072
2025-11-11 18:05:00+00:00,GOOGL,289.085,289.33,289.02,289.02,95652
2025-11-11 18:10:00+00:00,GOOGL,289.03,289.2,288.83,288.89,99855
2025-11-11 18:15:00+00:00,GOOGL,288.89,289.01,288.795,288.925,147276
2025-11-11 18:20:00+00:00,GOOGL,288.95,289.29,288.95,289.165,115110
2025-11-11 18:25:00+00:00,GOOGL,289.18,289.5,289.18,289.33,152576
2025-11-11 18:30:00+00:00,GOOGL,289.325,289.43,289.17,289.205,125501
2025-11-11 18:35:00+00:00,GOOGL,289.21,289.26,288.96,288.9696,113439
2025-11-11 18:40:00+00:00,GOOGL,288.99,289.23,288.96,289.19,121788
2025-11-11 18:45:00+00:00,GOOGL,289.195,289.44,289.15,289.39,143976
2025-11-11 18:50:00+00:00,GOOGL,289.395,289.7238,289.23,289.72,128432
2025-11-11 18:55:00+00:00,GOOGL,289.73,290.2,289.71,290.14,156936
2025-11-11 19:00:00+00:00,GOOGL,290.14,290.355,290.01,290.265,161193
2025-11-11 19:05:00+00:00,GOOGL,290.27,290.4199,290.05,290.305,129006
2025-11-11 19:10:00+00:00,GOOGL,290.29,290.879,290.173,290.8601,185827
2025-11-11 19:15:00+00:00,GOOGL,290.86,291.28,290.69,290.7,371254
2025-11-11 19:20:00+00:00,GOOGL,290.72,290.73,290.335,290.42,128368
2025-11-11 19:25:00+00:00,GOOGL,290.42,290.51,290.1301,290.155,111623
2025-11-11 19:30:00+00:00,GOOGL,290.168,290.329,290.12,290.19,104298
2025-11-11 19:35:00+00:00,GOOGL,290.195,290.47,290.11,290.32,128231
2025-11-11 19:40:00+00:00,GOOGL,290.35,290.45,290.25,290.3,152594
2025-11-11 19:45:00+00:00,GOOGL,290.3,290.47,290.1701,290.26,129823
2025-11-11 19:50:00+00:00,GOOGL,290.26,290.685,290.1,290.685,119971
2025-11-11 19:55:00+00:00,GOOGL,290.68,290.87,290.6,290.64,147844
2025-11-11 20:00:00+00:00,GOOGL,290.65,290.82,290.53,290.73,152756
2025-11-11 20:05:00+00:00,GOOGL,290.73,290.89,290.57,290.5701,160138
2025-11-11 20:10:00+00:00,GOOGL,290.55,290.66,290.5,290.64,136697
2025-11-11 20:15:00+00:00,GOOGL,290.65,290.74,290.3,290.6372,171984
2025-11-11 20:20:00+00:00,GOOGL,290.625,290.73,290.4,290.4503,127317
2025-11-11 20:25:00+00:00,GOOGL,290.469,290.77,290.42,290.71,133845
2025-11-11 20:30:00+00:00,GOOGL,290.73,290.93,290.6,290.885,183771
2025-11-11 20:35:00+00:00,GOOGL,290.885,290.9498,290.59,290.81,185296
2025-11-11 20:40:00+00:00,GOOGL,290.79,291.06,290.74,290.84,231531
2025-11-11 20:45:00+00:00,GOOGL,290.82,291.09,290.7,291.0,231997
2025-11-11 20:50:00+00:00,GOOGL,291.01,291.915,291.0,291.43,735048
2025-11-11 20:55:00+00:00,GOOGL,291.46,291.67,290.9,291.33,1719792
2025-11-11 21:00:00+00:00,GOOGL,291.33,292.0,290.25,291.44,4615456
2025-11-11 21:05:00+00:00,GOOGL,291.42,291.58,290.1,291.44,101833
2025-11-11 21:10:00+00:00,GOOGL,291.57,291.68,291.31,291.68,10155
2025-11-11 21:15:00+00:00,GOOGL,291.31,291.8,291.31,291.6,4379
2025-11-11 21:20:00+00:00,GOOGL,291.64,291.8,291.48,291.6312,11930
2025-11-11 21:25:00+00:00,GOOGL,291.4811,291.65,291.0,291.31,4508
2025-11-11 21:30:00+00:00,GOOGL,291.23,291.61,291.1,291.36,119823
2025-11-11 21:35:00+00:00,GOOGL,291.36,291.56,291.17,291.36,2325
2025-11-11 21:40:00+00:00,GOOGL,291.37,291.56,291.21,291.31,32470
2025-11-11 21:45:00+00:00,GOOGL,291.444,291.5,291.21,291.38,1602
2025-11-11 21:50:00+00:00,GOOGL,291.36,291.39,291.13,291.27,2581
2025-11-11 21:55:00+00:00,GOOGL,291.2788,291.3,291.15,291.3,1559
2025-11-11 22:00:00+00:00,GOOGL,291.32,291.56,291.2,291.3,892
2025-11-11 22:05:00+00:00,GOOGL,291.31,291.51,291.31,291.39,845
2025-11-11 22:10:00+00:00,GOOGL,291.38,291.56,291.31,291.38,2127
2025-11-11 22:15:00+00:00,GOOGL,291.4,291.4,291.31,291.39,1169
2025-11-11 22:20:00+00:00,GOOGL,291.39,291.56,291.31,291.46,1674
2025-11-11 22:25:00+00:00,GOOGL,291.45,291.57,291.3257,291.5,749
2025-11-11 22:30:00+00:00,GOOGL,291.54,291.69,291.4,291.65,648
2025-11-11 22:35:00+00:00,GOOGL,291.6515,291.7,291.4,291.69,1828
2025-11-11 22:40:00+00:00,GOOGL,291.69,291.78,291.31,291.68,2474
2025-11-11 22:45:00+00:00,GOOGL,291.6,291.69,291.5,291.58,673
2025-11-11 22:50:00+00:00,GOOGL,291.55,291.69,291.5,291.69,745
2025-11-11 22:55:00+00:00,GOOGL,291.64,291.69,291.35,291.6,1001
2025-11-11 23:00:00+00:00,GOOGL,291.52,291.69,291.2862,291.35,2113
2025-11-11 23:05:00+00:00,GOOGL,291.13,291.6,291.13,291.39,1071
2025-11-11 23:10:00+00:00,GOOGL,291.31,291.32,291.11,291.12,2447
2025-11-11 23:15:00+00:00,GOOGL,291.1,291.2988,291.055,291.2,363
2025-11-11 23:20:00+00:00,GOOGL,291.2012,291.57,291.0,291.1217,4753
2025-11-11 23:25:00+00:00,GOOGL,291.3,291.31,291.02,291.02,987
2025-11-11 23:30:00+00:00,GOOGL,291.1662,291.23,291.02,291.2,1350
2025-11-11 23:35:00+00:00,GOOGL,291.2,291.2888,291.02,291.0267,1305
2025-11-11 23:40:00+00:00,GOOGL,291.21,291.22,291.02,291.14,347
2025-11-11 23:45:00+00:00,GOOGL,291.14,291.17,291.02,291.1109,157
2025-11-11 23:50:00+00:00,GOOGL,291.0335,291.49,291.02,291.19,377
2025-11-11 23:55:00+00:00,GOOGL,291.1,291.4,291.1,291.15,894
2025-11-12 00:00:00+00:00,GOOGL,291.31,291.31,291.02,291.27,593
2025-11-12 00:05:00+00:00,GOOGL,291.18,291.31,291.02,291.27,775
2025-11-12 00:10:00+00:00,GOOGL,291.4477,291.49,291.02,291.11,130
2025-11-12 00:15:00+00:00,GOOGL,291.11,291.3,291.03,291.3,1852
2025-11-12 00:20:00+00:00,GOOGL,291.3,291.4415,291.1,291.3,772
2025-11-12 00:25:00+00:00,GOOGL,291.35,291.6,291.3,291.47,1560
2025-11-12 00:30:00+00:00,GOOGL,291.47,291.52,291.31,291.47,264
2025-11-12 00:35:00+00:00,GOOGL,291.42,291.55,291.31,291.52,1280
2025-11-12 00:40:00+00:00,GOOGL,291.51,291.52,291.35,291.5002,585
2025-11-12 00:45:00+00:00,GOOGL,291.51,291.58,291.4,291.4,2561
2025-11-12 00:50:00+00:00,GOOGL,291.5,291.58,291.4,291.52,1602
2025-11-12 00:55:00+00:00,GOOGL,291.6457,291.86,291.4062,291.8004,1686
2025-11-14 16:40:00+00:00,GOOGL,278.25,278.56,277.85,277.96,340630
2025-11-14 16:45:00+00:00,GOOGL,277.965,277.97,277.29,277.57,284301
2025-11-14 16:50:00+00:00,GOOGL,277.57,278.0699,277.54,278.04,226420
2025-11-14 16:55:00+00:00,GOOGL,277.99,278.17,277.715,277.86,262590
2025-11-14 17:00:00+00:00,GOOGL,277.85,277.93,277.45,277.805,224271
2025-11-14 17:05:00+00:00,GOOGL,277.79,278.02,277.66,277.96,157073
2025-11-14 17:10:00+00:00,GOOGL,277.985,278.2866,277.8801,278.13,211243
2025-11-14 17:15:00+00:00,GOOGL,278.13,278.18,277.74,277.93,146475
2025-11-14 17:20:00+00:00,GOOGL,277.94,278.11,277.78,277.84,161714
2025-11-14 17:25:00+00:00,GOOGL,277.86,278.04,277.48,277.88,153453
2025-11-14 17:30:00+00:00,GOOGL,277.8564,278.01,277.51,277.96,120338
2025-11-14 17:35:00+00:00,GOOGL,277.98,278.34,277.975,278.1002,155547
2025-11-14 17:40:00+00:00,GOOGL,278.11,278.15,277.69,277.81,130529
2025-11-14 17:45:00+00:00,GOOGL,277.81,278.03,277.266,277.2704,153143
2025-11-14 17:50:00+00:00,GOOGL,277.3,277.386,276.87,277.25,217270
2025-11-14 17:55:00+00:00,GOOGL,277.235,277.66,277.21,277.25,182563
2025-11-14 18:00:00+00:00,GOOGL,277.22,277.24,276.43,276.46,249540
2025-11-14 18:05:00+00:00,GOOGL,276.44,276.73,276.21,276.69,229295
2025-11-14 18:10:00+00:00,GOOGL,276.68,277.7,276.59,277.7,181927
2025-11-14 18:15:00+00:00,GOOGL,277.69,277.69,276.88,276.98,129273
2025-11-14 18:20:00+00:00,GOOGL,277.06,277.13,276.3646,276.67,178231
2025-11-14 18:25:00+00:00,GOOGL,276.66,277.16,276.58,277.13,149814
2025-11-14 18:30:00+00:00,GOOGL,277.12,277.44,277.02,277.34,114480
2025-11-14 18:35:00+00:00,GOOGL,277.36,277.37,276.47,276.6794,137455
2025-11-14 18:40:00+00:00,GOOGL,276.66,276.67,276.15,276.405,192550
2025-11-14 18:45:00+00:00,GOOGL,276.42,276.62,276.24,276.38,157302
2025-11-14 18:50:00+00:00,GOOGL,276.38,277.225,276.38,277.15,1077634
2025-11-14 18:55:00+00:00,GOOGL,277.145,277.3,276.87,276.99,109976
2025-11-14 19:00:00+00:00,GOOGL,277.0,277.33,276.97,277.0128,177815
2025-11-14 19:05:00+00:00,GOOGL,277.04,277.29,276.8,276.95,130272
2025-11-14 19:10:00+00:00,GOOGL,276.93,277.14,276.69,276.9,175362
2025-11-14 19:15:00+00:00,GOOGL,276.9,277.13,276.8201,276.91,113299
2025-11-14 19:20:00+00:00,GOOGL,276.94,277.74,276.94,277.655,169809
2025-11-14 19:25:00+00:00,GOOGL,277.67,277.67,277.34,277.59,127609
2025-11-14 19:30:00+00:00,GOOGL,277.61,277.81,277.38,277.515,173385
2025-11-14 19:35:00+00:00,GOOGL,277.52,277.71,277.41,277.615,126100
2025-11-14 19:40:00+00:00,GOOGL,277.62,277.64,277.37,277.5,112520
2025-11-14 19:45:00+00:00,GOOGL,277.52,277.9018,277.48,277.62,146489
2025-11-14 19:50:00+00:00,GOOGL,277.59,277.82,277.2954,277.37,166363
2025-11-14 19:55:00+00:00,GOOGL,277.39,277.63,277.31,277.505,195923
2025-11-14 20:00:00+00:00,GOOGL,277.495,278.06,277.495,277.92,195634
2025-11-14 20:05:00+00:00,GOOGL,277.9446,278.02,277.29,277.39,167502
2025-11-14 20:10:00+00:00,GOOGL,277.39,277.61,277.2,277.28,144954
2025-11-14 20:15:00+00:00,GOOGL,277.28,277.33,276.847,276.89,169420
2025-11-14 20:20:00+00:00,GOOGL,276.9,276.9,276.42,276.5875,176485
2025-11-14 20:25:00+00:00,GOOGL,276.58,276.81,276.49,276.58,125986
2025-11-14 20:30:00+00:00,GOOGL,276.56,276.865,276.295,276.69,164098
2025-11-14 20:35:00+00:00,GOOGL,276.65,276.75,276.28,276.54,243831
2025-11-14 20:40:00+00:00,GOOGL,276.53,276.62,276.33,276.585,186750
2025-11-14 20:45:00+00:00,GOOGL,276.56,276.98,275.9006,275.905,268495
2025-11-14 20:50:00+00:00,GOOGL,275.94,276.36,275.77,276.21,537890
2025-11-14 20:55:00+00:00,GOOGL,276.2,276.62,276.07,276.46,971677
2025-11-14 21:00:00+00:00,GOOGL,276.46,278.57,275.7,276.15,5256552
2025-11-14 21:05:00+00:00,GOOGL,276.27,284.25,276.0,280.85,300809
2025-11-14 21:10:00+00:00,GOOGL,280.94,282.13,276.41,280.45,269437
2025-11-14 21:15:00+00:00,GOOGL,280.45,281.54,276.41,281.17,320806
2025-11-14 21:20:00+00:00,GOOGL,281.17,281.86,276.41,280.49,161423
2025-11-14 21:25:00+00:00,GOOGL,280.49,280.99,280.21,280.75,138435
2025-11-14 21:30:00+00:00,GOOGL,280.77,281.5,280.56,280.8296,104383
2025-11-14 21:35:00+00:00,GOOGL,280.83,281.239,276.41,281.2013,106057
2025-11-14 21:40:00+00:00,GOOGL,281.21,281.64,280.8,281.04,114271
2025-11-14 21:45:00+00:00,GOOGL,281.04,281.46,280.9,281.28,51662
2025-11-14 21:50:00+00:00,GOOGL,281.26,281.28,276.41,280.48,132689
2025-11-14 21:55:00+00:00,GOOGL,280.48,280.87,280.25,280.82,45766
2025-11-14 22:00:00+00:00,GOOGL,280.65,281.0,280.65,280.99,38437
2025-11-14 22:05:00+00:00,GOOGL,280.986,281.01,280.87,280.9991,33348
2025-11-14 22:10:00+00:00,GOOGL,280.99,281.0,280.33,280.37,39945
2025-11-14 22:15:00+00:00,GOOGL,280.5,280.66,280.1,280.6,34323
2025-11-14 22:20:00+00:00,GOOGL,280.61,281.4,280.45,281.4,30589
2025-11-14 22:25:00+00:00,GOOGL,281.4,281.8,281.33,281.8,29541
2025-11-14 22:30:00+00:00,GOOGL,281.7973,282.0,281.48,281.99,24380
2025-11-14 22:35:00+00:00,GOOGL,281.99,282.55,281.94,282.5,27037
2025-11-14 22:40:00+00:00,GOOGL,282.5,283.48,282.5,283.16,31020
2025-11-14 22:45:00+00:00,GOOGL,283.15,283.98,283.1,283.54,45012
2025-11-14 22:50:00+00:00,GOOGL,283.7,283.9,283.01,283.44,19496
2025-11-14 22:55:00+00:00,GOOGL,283.44,283.55,282.89,283.3292,28518
2025-11-14 23:00:00+00:00,GOOGL,283.3285,283.48,283.2,283.4,25673
2025-11-14 23:05:00+00:00,GOOGL,283.4,283.48,283.39,283.4799,21318
2025-11-14 23:10:00+00:00,GOOGL,283.48,283.9,283.47,283.879,13769
2025-11-14 23:15:00+00:00,GOOGL,283.85,284.73,283.84,284.55,41649
2025-11-14 23:20:00+00:00,GOOGL,284.55,285.87,284.44,285.5,53214
2025-11-14 23:25:00+00:00,GOOGL,285.49,285.5,285.13,285.2988,26897
2025-11-14 23:30:00+00:00,GOOGL,285.29,285.35,284.7512,284.8,19712
2025-11-14 23:35:00+00:00,GOOGL,284.7988,285.05,284.6,284.61,16732
2025-11-14 23:40:00+00:00,GOOGL,284.61,284.6167,284.01,284.25,27325
2025-11-14 23:45:00+00:00,GOOGL,284.3,284.61,284.07,284.5,23116
2025-11-14 23:50:00+00:00,GOOGL,284.4756,284.85,284.41,284.85,12557
2025-11-14 23:55:00+00:00,GOOGL,284.85,285.52,284.83,285.5,33493
2025-11-15 00:00:00+00:00,GOOGL,285.54,286.26,285.44,285.9393,45426
2025-11-15 00:05:00+00:00,GOOGL,285.93,285.94,285.0,285.5,18699
2025-11-15 00:10:00+00:00,GOOGL,285.8,286.38,285.0,286.25,22342
2025-11-15 00:15:00+00:00,GOOGL,286.25,286.4,286.0,286.3,19005
2025-11-15 00:20:00+00:00,GOOGL,286.3,286.47,286.1,286.44,9493
2025-11-15 00:25:00+00:00,GOOGL,286.44,286.6,286.25,286.49,20408
2025-11-15 00:30:00+00:00,GOOGL,286.49,287.23,285.93,287.1,30615
2025-11-15 00:35:00+00:00,GOOGL,287.1,287.4243,287.0,287.2,18631
2025-11-15 00:40:00+00:00,GOOGL,287.2,287.21,287.0,287.18,24622
2025-11-15 00:45:00+00:00,GOOGL,287.18,287.55,287.0,287.54,26951
2025-11-15 00:50:00+00:00,GOOGL,287.54,287.98,287.5,287.9,22342
2025-11-15 00:55:00+00:00,GOOGL,287.95,287.98,287.56,287.6199,26431
2025-11-11 16:40:00+00:00,MSFT,503.5,503.71,503.21,503.42,64348
2025-11-11 16:45:00+00:00,MSFT,503.39,503.69,503.16,503.61,51246
2025-11-11 16:50:00+00:00,MSFT,503.601,504.055,503.43,503.97,59387
2025-11-11 16:55:00+00:00,MSFT,503.9701,504.31,503.82,504.175,69271
2025-11-11 17:00:00+00:00,MSFT,504.12,504.61,504.06,504.43,68979
2025-11-11 17:05:00+00:00,MSFT,504.456,505.089,504.4101,504.485,83890
2025-11-11 17:10:00+00:00,MSFT,504.5,505.16,504.11,505.105,125620
2025-11-11 17:15:00+00:00,MSFT,505.05,505.44,505.05,505.17,86409
2025-11-11 17:20:00+00:00,MSFT,505.16,505.36,504.81,505.0,78792
2025-11-11 17:25:00+00:00,MSFT,505.0599,505.0599,504.41,504.7,83318
2025-11-11 17:30:00+00:00,MSFT,504.705,504.8,504.5181,504.6841,55879
2025-11-11 17:35:00+00:00,MSFT,504.61,504.74,504.34,504.44,59084
2025-11-11 17:40:00+00:00,MSFT,504.44,505.25,504.38,505.09,83668
2025-11-11 17:45:00+00:00,MSFT,505.14,505.55,504.85,505.465,59506
2025-11-11 17:50:00+00:00,MSFT,505.5,505.68,505.06,505.105,60436
2025-11-11 17:55:00+00:00,MSFT,505.13,505.4599,505.03,505.265,65884
2025-11-11 18:00:00+00:00,MSFT,505.23,505.57,504.55,504.995,149429
2025-11-11 18:05:00+00:00,MSFT,504.97,505.24,504.9201,504.961,59970
2025-11-11 18:10:00+00:00,MSFT,504.98,505.5,504.96,505.355,47573
2025-11-11 18:15:00+00:00,MSFT,505.4,506.2,505.3101,506.14,91387
2025-11-11 18:20:00+00:00,MSFT,506.1201,506.79,506.1201,506.4405,106627
2025-11-11 18:25:00+00:00,MSFT,506.33,506.74,506.33,506.63,80955
2025-11-11 18:30:00+00:00,MSFT,506.6795,507.27,506.61,506.965,129608
2025-11-11 18:35:00+00:00,MSFT,506.96,507.07,506.65,506.97,87479
2025-11-11 18:40:00+00:00,MSFT,507.03,507.14,506.64,506.865,70193
2025-11-11 18:45:00+00:00,MSFT,506.9,507.39,506.88,507.295,95157
2025-11-11 18:50:00+00:00,MSFT,507.28,507.73,506.93,507.715,104804
2025-11-11 18:55:00+00:00,MSFT,507.68,508.35,507.68,508.33,144641
2025-11-11 19:00:00+00:00,MSFT,508.31,508.53,508.2171,508.25,155558
2025-11-11 19:05:00+00:00,MSFT,508.2596,508.46,507.98,508.25,122835
2025-11-11 19:10:00+00:00,MSFT,508.27,508.74,508.23,508.64,115253
2025-11-11 19:15:00+00:00,MSFT,508.6001,509.0,508.46,508.62,152292
2025-11-11 19:20:00+00:00,MSFT,508.65,508.89,508.57,508.78,106853
2025-11-11 19:25:00+00:00,MSFT,508.785,509.22,508.74,509.12,147283
2025-11-11 19:30:00+00:00,MSFT,509.15,509.4,509.0764,509.135,113867
2025-11-11 19:35:00+00:00,MSFT,509.1405,509.28,509.01,509.09,91108
2025-11-11 19:40:00+00:00,MSFT,509.12,509.24,508.73,508.85,85763
2025-11-11 19:45:00+00:00,MSFT,508.81,509.03,508.64,508.88,80650
2025-11-11 19:50:00+00:00,MSFT,508.91,509.3,508.91,509.235,105163
2025-11-11 19:55:00+00:00,MSFT,509.26,509.34,508.94,509.095,106628
2025-11-11 20:00:00+00:00,MSFT,509.09,509.49,508.99,509.48,98344
2025-11-11 20:05:00+00:00,MSFT,509.475,509.56,509.13,509.16,128281
2025-11-11 20:10:00+00:00,MSFT,509.18,509.43,509.14,509.1401,104111
2025-11-11 20:15:00+00:00,MSFT,509.17,509.2755,508.78,508.8796,93869
2025-11-11 20:20:00+00:00,MSFT,508.89,509.01,508.67,509.0,120674
2025-11-11 20:25:00+00:00,MSFT,508.98,509.24,508.89,508.92,153730
2025-11-11 20:30:00+00:00,MSFT,508.91,509.25,508.82,509.015,120949
2025-11-11 20:35:00+00:00,MSFT,509.03,509.09,508.55,508.86,139187
2025-11-11 20:40:00+00:00,MSFT,508.845,509.2,508.7,509.19,127411
2025-11-11 20:45:00+00:00,MSFT,509.17,509.285,509.0,509.17,139497
2025-11-11 20:50:00+00:00,MSFT,509.165,509.6,508.68,509.08,310113
2025-11-11 20:55:00+00:00,MSFT,509.07,509.07,506.7,508.82,1285863
2025-11-11 21:00:00+00:00,MSFT,508.83,509.015,508.0,508.84,7030610
2025-11-11 21:05:00+00:00,MSFT,508.85,508.88,506.0,508.723,1520065
2025-11-11 21:10:00+00:00,MSFT,508.78,508.84,508.51,508.5114,200583
2025-11-11 21:15:00+00:00,MSFT,508.68,508.68,508.1635,508.5,2896
2025-11-11 21:20:00+00:00,MSFT,508.52,508.89,508.37,508.485,2599
2025-11-11 21:25:00+00:00,MSFT,508.37,508.89,508.37,508.41,20978
2025-11-11 21:30:00+00:00,MSFT,508.6,508.68,508.25,508.525,6612
2025-11-11 21:35:00+00:00,MSFT,508.59,508.8,508.25,508.49,432
2025-11-11 21:40:00+00:00,MSFT,508.46,508.82,508.25,508.685,322
2025-11-11 21:45:00+00:00,MSFT,508.57,508.7,508.25,508.485,775
2025-11-11 21:50:00+00:00,MSFT,508.27,508.8,508.27,508.625,1174
2025-11-11 21:55:00+00:00,MSFT,508.66,508.79,508.45,508.45,439
2025-11-11 22:00:00+00:00,MSFT,508.75,510.405,476.504,508.7,983600
2025-11-11 22:05:00+00:00,MSFT,508.6047,525.4518,508.6047,508.79,782
2025-11-11 22:10:00+00:00,MSFT,508.75,508.89,483.2289,508.89,1668
2025-11-11 22:15:00+00:00,MSFT,508.89,508.89,475.8659,508.77,972
2025-11-11 22:20:00+00:00,MSFT,508.8,508.89,483.2289,508.89,972
2025-11-11 22:25:00+00:00,MSFT,508.88,510.864,487.5919,508.88,2364
2025-11-11 22:30:00+00:00,MSFT,508.88,528.3499,489.0851,508.88,485
2025-11-11 22:35:00+00:00,MSFT,508.88,528.3499,483.2289,508.89,2754
2025-11-11 22:40:00+00:00,MSFT,508.885,508.89,489.0851,508.86,2113
2025-11-11 22:45:00+00:00,MSFT,508.715,508.88,508.55,508.5582,402
2025-11-11 22:50:00+00:00,MSFT,508.8717,508.88,508.6,508.88,718
2025-11-11 22:55:00+00:00,MSFT,508.88,508.88,508.8,508.85,409
2025-11-11 23:00:00+00:00,MSFT,508.85,508.88,508.55,508.88,841
2025-11-11 23:05:00+00:00,MSFT,508.81,508.81,508.355,508.46,1271
2025-11-11 23:10:00+00:00,MSFT,508.4,508.53,507.9175,508.25,1422
2025-11-11 23:15:00+00:00,MSFT,508.4,508.5988,507.81,508.0,1633
2025-11-11 23:20:00+00:00,MSFT,508.4,508.5,508.23,508.5,406
2025-11-11 23:25:00+00:00,MSFT,508.4,508.5,508.36,508.44,331
2025-11-11 23:30:00+00:00,MSFT,508.4,508.45,508.01,508.2,271
2025-11-11 23:35:00+00:00,MSFT,508.4,508.49,508.01,508.49,352
2025-11-11 23:40:00+00:00,MSFT,508.255,508.5975,508.01,508.55,341
2025-11-11 23:45:00+00:00,MSFT,508.5,508.9,508.0112,508.355,2843
2025-11-11 23:50:00+00:00,MSFT,508.62,508.65,508.03,508.6345,167
2025-11-11 23:55:00+00:00,MSFT,508.34,508.65,508.03,508.2,427
2025-11-12 00:00:00+00:00,MSFT,508.335,508.65,508.1,508.36,461
2025-11-12 00:05:00+00:00,MSFT,508.485,508.65,508.32,508.355,617
2025-11-12 00:10:00+00:00,MSFT,508.44,508.65,508.32,508.33,651
2025-11-12 00:15:00+00:00,MSFT,508.485,508.9,508.33,508.9,490
2025-11-12 00:20:00+00:00,MSFT,508.9887,508.99,508.5,508.745,241
2025-11-12 00:25:00+00:00,MSFT,508.96,509.0,508.57,508.76,820
2025-11-12 00:30:00+00:00,MSFT,508.68,508.92,508.6,508.76,356
2025-11-12 00:35:00+00:00,MSFT,508.8,508.92,508.6,508.6,721
2025-11-12 00:40:00+00:00,MSFT,508.912,508.92,508.6,508.8912,181
2025-11-12 00:45:00+00:00,MSFT,508.81,508.92,508.6,508.9,1126
2025-11-12 00:50:00+00:00,MSFT,508.76,509.0,508.6,508.86,577
2025-11-12 00:55:00+00:00,MSFT,508.81,508.9172,508.704,508.81,468
2025-11-14 16:40:00+00:00,MSFT,509.62,509.88,509.1,509.67,170709
2025-11-14 16:45:00+00:00,MSFT,509.67,509.76,508.87,509.72,685869
2025-11-14 16:50:00+00:00,MSFT,509.72,510.2791,509.66,510.2348,242107
2025-11-14 16:55:00+00:00,MSFT,510.26,510.59,510.01,510.46,132277
2025-11-14 17:00:00+00:00,MSFT,510.43,510.72,510.18,510.32,173994
2025-11-14 17:05:00+00:00,MSFT,510.3,510.78,509.97,510.69,121799
2025-11-14 17:10:00+00:00,MSFT,510.69,511.41,510.67,511.065,215737
2025-11-14 17:15:00+00:00,MSFT,511.065,511.1,510.2,510.505,119128
2025-11-14 17:20:00+00:00,MSFT,510.5075,510.5075,509.43,509.56,126115
2025-11-14 17:25:00+00:00,MSFT,509.64,509.71,509.25,509.64,112771
2025-11-14 17:30:00+00:00,MSFT,509.65,509.65,509.01,509.39,128893
2025-11-14 17:35:00+00:00,MSFT,509.4,509.8999,509.195,509.69,110782
2025-11-14 17:40:00+00:00,MSFT,509.69,509.72,508.95,509.14,106786
2025-11-14 17:45:00+00:00,MSFT,509.12,509.54,508.68,508.75,84956
2025-11-14 17:50:00+00:00,MSFT,508.84,509.04,508.0845,508.82,103359
2025-11-14 17:55:00+00:00,MSFT,508.82,508.97,508.06,508.35,91062
2025-11-14 18:00:00+00:00,MSFT,508.3,508.35,507.58,507.8,102311
2025-11-14 18:05:00+00:00,MSFT,507.8,508.055,507.41,508.04,103479
2025-11-14 18:10:00+00:00,MSFT,508.04,508.42,507.79,508.3725,173562
2025-11-14 18:15:00+00:00,MSFT,508.4,508.4,507.44,507.85,91288
2025-11-14 18:20:00+00:00,MSFT,507.84,507.85,507.47,507.76,110393
2025-11-14 18:25:00+00:00,MSFT,507.7501,508.17,507.62,508.0101,872747
2025-11-14 18:30:00+00:00,MSFT,508.01,509.9425,507.85,508.24,215934
2025-11-14 18:35:00+00:00,MSFT,508.29,508.338,507.6401,507.8,125507
2025-11-14 18:40:00+00:00,MSFT,507.711,508.05,507.62,507.8289,73608
2025-11-14 18:45:00+00:00,MSFT,507.79,508.15,507.79,508.12,975406
2025-11-14 18:50:00+00:00,MSFT,508.15,509.42,508.12,509.31,155029
2025-11-14 18:55:00+00:00,MSFT,509.2926,509.69,509.05,509.44,925270
2025-11-14 19:00:00+00:00,MSFT,509.4,509.8,509.271,509.4606,288653
2025-11-14 19:05:00+00:00,MSFT,509.43,509.7,509.28,509.4195,105394
2025-11-14 19:10:00+00:00,MSFT,509.4,509.88,509.3,509.75,93074
2025-11-14 19:15:00+00:00,MSFT,509.71,510.08,509.64,509.81,105955
2025-11-14 19:20:00+00:00,MSFT,509.82,510.78,509.82,510.65,145578
2025-11-14 19:25:00+00:00,MSFT,510.65,510.72,510.12,510.43,144065
2025-11-14 19:30:00+00:00,MSFT,510.46,510.73,510.13,510.33,97298
2025-11-14 19:35:00+00:00,MSFT,510.35,510.8,510.225,510.77,95468
2025-11-14 19:40:00+00:00,MSFT,510.77,510.9,510.5,510.61,386548
2025-11-14 19:45:00+00:00,MSFT,510.61,511.35,510.5448,510.775,149944
2025-11-14 19:50:00+00:00,MSFT,510.7725,511.21,510.74,511.04,132048
2025-11-14 19:55:00+00:00,MSFT,511.015,511.16,510.58,510.9288,131203
2025-11-14 20:00:00+00:00,MSFT,510.91,511.6,510.85,511.265,151989
2025-11-14 20:05:00+00:00,MSFT,511.27,511.27,510.64,510.85,195690
2025-11-14 20:10:00+00:00,MSFT,510.875,511.3,510.33,510.575,146899
2025-11-14 20:15:00+00:00,MSFT,510.5677,510.65,509.94,510.03,621482
2025-11-14 20:20:00+00:00,MSFT,510.05,510.355,509.6,510.14,169935
2025-11-14 20:25:00+00:00,MSFT,510.14,510.3,509.84,510.06,158483
2025-11-14 20:30:00+00:00,MSFT,510.04,510.42,509.77,510.26,153554
2025-11-14 20:35:00+00:00,MSFT,510.27,510.32,509.64,510.18,177695
2025-11-14 20:40:00+00:00,MSFT,510.155,510.21,509.69,509.7206,201473
2025-11-14 20:45:00+00:00,MSFT,509.72,510.12,509.325,509.325,216437
2025-11-14 20:50:00+00:00,MSFT,509.43,509.83,508.61,508.71,493088
2025-11-14 20:55:00+00:00,MSFT,508.72,510.47,508.71,510.4,897511
2025-11-14 21:00:00+00:00,MSFT,510.4,510.9592,503.29,509.95,9978249
2025-11-14 21:05:00+00:00,MSFT,509.875,510.18,509.57,509.7,53741
2025-11-14 21:10:00+00:00,MSFT,510.18,510.18,509.65,509.94,8566
2025-11-14 21:15:00+00:00,MSFT,509.94,517.79,509.7,510.49,86112
2025-11-14 21:20:00+00:00,MSFT,510.44,510.6,510.18,510.38,45666
2025-11-14 21:25:00+00:00,MSFT,510.39,510.57,510.18,510.47,5214
2025-11-14 21:30:00+00:00,MSFT,510.32,510.48,510.0,510.11,11825
2025-11-14 21:35:00+00:00,MSFT,510.0,510.22,509.7,509.7,963
2025-11-14 21:40:00+00:00,MSFT,509.7,510.22,509.68,510.2095,2485
2025-11-14 21:45:00+00:00,MSFT,510.0,510.2065,509.7058,509.92,1105
2025-11-14 21:50:00+00:00,MSFT,510.01,510.2,492.1592,509.935,33355
2025-11-14 21:55:00+00:00,MSFT,516.5222,516.5222,492.1592,510.05,2848
2025-11-14 22:00:00+00:00,MSFT,509.78,517.35,509.78,510.11,1151
2025-11-14 22:05:00+00:00,MSFT,510.1,510.18,476.9877,510.01,49139
2025-11-14 22:10:00+00:00,MSFT,510.03,510.03,476.9877,509.895,1014
2025-11-14 22:15:00+00:00,MSFT,509.95,510.0,496.5975,509.895,342
2025-11-14 22:20:00+00:00,MSFT,509.9947,516.5222,482.7759,509.44,335
2025-11-14 22:25:00+00:00,MSFT,509.5713,510.0,509.4904,510.0,585
2025-11-14 22:30:00+00:00,MSFT,510.0,510.0,495.1729,509.99,233
2025-11-14 22:35:00+00:00,MSFT,509.9,510.0,509.5,509.9,308
2025-11-14 22:40:00+00:00,MSFT,509.9,509.95,509.8,509.88,384
2025-11-14 22:45:00+00:00,MSFT,509.915,509.95,509.88,509.88,614
2025-11-14 22:50:00+00:00,MSFT,509.88,509.92,509.88,509.9,219
2025-11-14 22:55:00+00:00,MSFT,509.919,509.99,509.88,509.935,1309
2025-11-14 23:00:00+00:00,MSFT,509.88,509.997,509.88,509.92,382
2025-11-14 23:05:00+00:00,MSFT,509.94,510.18,509.88,510.0,13892
2025-11-14 23:10:00+00:00,MSFT,510.0,510.0,509.56,509.8203,1305
2025-11-14 23:15:00+00:00,MSFT,509.82,510.0,509.8,510.0,358
2025-11-14 23:20:00+00:00,MSFT,509.91,510.0,509.87,509.935,595
2025-11-14 23:25:00+00:00,MSFT,509.87,510.0,509.87,509.95,265
2025-11-14 23:30:00+00:00,MSFT,509.95,510.0,509.9,509.95,439
2025-11-14 23:35:00+00:00,MSFT,509.95,510.0,509.9,509.95,279
2025-11-14 23:40:00+00:00,MSFT,509.96,510.0,509.9,509.975,811
2025-11-14 23:45:00+00:00,MSFT,509.975,510.0,509.95,509.98,429
2025-11-14 23:50:00+00:00,MSFT,510.0,510.0,509.96,509.97,360
2025-11-14 23:55:00+00:00,MSFT,509.97,509.98,509.87,509.9772,668
2025-11-15 00:00:00+00:00,MSFT,509.87,509.98,509.84,509.87,540
2025-11-15 00:05:00+00:00,MSFT,509.98,509.98,509.8562,509.97,290
2025-11-15 00:10:00+00:00,MSFT,509.97,510.17,509.97,510.01,721
2025-11-15 00:15:00+00:00,MSFT,510.08,510.1732,509.8482,510.005,213
2025-11-15 00:20:00+00:00,MSFT,510.005,510.19,510.0,510.1,781
2025-11-15 00:25:00+00:00,MSFT,510.1,510.38,510.0,510.3,1130
2025-11-15 00:30:00+00:00,MSFT,510.27,510.95,510.26,510.397,1289
2025-11-15 00:35:00+00:00,MSFT,510.7,510.8999,510.3017,510.43,800
2025-11-15 00:40:00+00:00,MSFT,510.4,510.6915,510.31,510.36,703
2025-11-15 00:45:00+00:00,MSFT,510.38,510.43,510.0,510.42,460
2025-11-15 00:50:00+00:00,MSFT,510.215,510.43,510.01,510.215,2274
2025-11-15 00:55:00+00:00,MSFT,510.2,510.45,510.2,510.35,651
2025-11-11 16:40:00+00:00,TSLA,433.155,434.0,432.7,433.6215,647290
2025-11-11 16:45:00+00:00,TSLA,433.65,434.46,433.31,434.2167,588911
2025-11-11 16:50:00+00:00,TSLA,434.2,434.42,433.62,433.99,421822
2025-11-11 16:55:00+00:00,TSLA,433.97,434.16,432.88,433.06,526863
2025-11-11 17:00:00+00:00,TSLA,433.1,433.82,432.81,433.59,591518
2025-11-11 17:05:00+00:00,TSLA,433.59,434.4999,433.585,434.185,674076
2025-11-11 17:10:00+00:00,TSLA,434.21,434.3796,433.36,434.025,453282
2025-11-11 17:15:00+00:00,TSLA,434.02,435.42,434.0101,434.97,718392
2025-11-11 17:20:00+00:00,TSLA,434.98,435.25,434.38,434.72,442934
2025-11-11 17:25:00+00:00,TSLA,434.72,434.76,433.45,433.9207,569351
2025-11-11 17:30:00+00:00,TSLA,433.97,434.4375,433.8,434.32,347083
2025-11-11 17:35:00+00:00,TSLA,434.33,434.68,433.72,434.25,434861
2025-11-11 17:40:00+00:00,TSLA,434.23,434.67,433.95,434.6318,369307
2025-11-11 17:45:00+00:00,TSLA,434.63,434.66,433.71,433.84,484431
2025-11-11 17:50:00+00:00,TSLA,433.8522,435.11,433.23,434.885,639994
2025-11-11 17:55:00+00:00,TSLA,434.92,435.8,434.76,435.22,524989
2025-11-11 18:00:00+00:00,TSLA,435.2,436.6,435.16,436.44,718655
2025-11-11 18:05:00+00:00,TSLA,436.428,436.71,435.16,435.16,589003
2025-11-11 18:10:00+00:00,TSLA,435.23,435.81,434.94,435.19,469509
2025-11-11 18:15:00+00:00,TSLA,435.23,435.87,434.52,435.7005,519656
2025-11-11 18:20:00+00:00,TSLA,435.735,436.55,435.6127,436.08,545374
2025-11-11 18:25:00+00:00,TSLA,436.0476,436.25,435.05,435.8301,496182
2025-11-11 18:30:00+00:00,TSLA,435.86,436.31,434.85,435.1305,483013
2025-11-11 18:35:00+00:00,TSLA,435.15,435.34,434.0822,435.32,459726
2025-11-11 18:40:00+00:00,TSLA,435.3201,435.68,435.0,435.48,408706
2025-11-11 18:45:00+00:00,TSLA,435.48,436.14,435.48,435.935,387939
2025-11-11 18:50:00+00:00,TSLA,435.9305,436.56,435.57,435.91,444738
2025-11-11 18:55:00+00:00,TSLA,435.96,437.03,435.89,437.03,586444
2025-11-11 19:00:00+00:00,TSLA,437.03,437.19,435.65,437.1,639091
2025-11-11 19:05:00+00:00,TSLA,437.16,437.37,436.5,436.74,460204
2025-11-11 19:10:00+00:00,TSLA,436.735,437.1799,436.13,436.8602,366479
2025-11-11 19:15:00+00:00,TSLA,436.835,437.21,436.53,436.635,349531
2025-11-11 19:20:00+00:00,TSLA,436.6351,436.9799,436.34,436.7199,323726
2025-11-11 19:25:00+00:00,TSLA,436.64,437.72,436.43,437.3995,588344
2025-11-11 19:30:00+00:00,TSLA,437.39,437.85,437.1732,437.31,490187
2025-11-11 19:35:00+00:00,TSLA,437.335,437.58,436.8,437.08,412629
2025-11-11 19:40:00+00:00,TSLA,437.09,437.49,436.82,437.1588,347704
2025-11-11 19:45:00+00:00,TSLA,437.17,437.5487,436.9,437.325,444281
2025-11-11 19:50:00+00:00,TSLA,437.3602,437.55,437.05,437.2486,313701
2025-11-11 19:55:00+00:00,TSLA,437.235,437.3999,436.05,436.23,446068
2025-11-11 20:00:00+00:00,TSLA,436.23,437.25,436.0,436.98,621478
2025-11-11 20:05:00+00:00,TSLA,437.02,437.3,436.4313,436.74,377399
2025-11-11 20:10:00+00:00,TSLA,436.7128,437.44,436.71,437.1,391304
2025-11-11 20:15:00+00:00,TSLA,437.0801,437.37,436.47,436.96,412203
2025-11-11 20:20:00+00:00,TSLA,436.98,437.12,436.37,436.76,397501
2025-11-11 20:25:00+00:00,TSLA,436.76,437.08,436.4601,436.98,481544
2025-11-11 20:30:00+00:00,TSLA,436.97,437.16,436.41,437.0696,472948
2025-11-11 20:35:00+00:00,TSLA,437.05,438.02,436.99,437.77,691134
2025-11-11 20:40:00+00:00,TSLA,437.76,438.0392,437.42,437.862,573905
2025-11-11 20:45:00+00:00,TSLA,437.8632,438.29,437.51,437.92,616925
2025-11-11 20:50:00+00:00,TSLA,437.93,439.73,437.85,439.7103,911906
2025-11-11 20:55:00+00:00,TSLA,439.71,440.46,439.39,439.4,1808724
2025-11-11 21:00:00+00:00,TSLA,439.4,440.45,439.37,440.01,6163830
2025-11-11 21:05:00+00:00,TSLA,440.0,445.23,439.62,439.85,54377
2025-11-11 21:10:00+00:00,TSLA,439.85,439.85,439.55,439.6,23129
2025-11-11 21:15:00+00:00,TSLA,439.6,439.75,439.51,439.55,18610
2025-11-11 21:20:00+00:00,TSLA,439.56,439.71,439.2,439.28,27588
2025-11-11 21:25:00+00:00,TSLA,439.285,439.3,438.63,438.9,41584
2025-11-11 21:30:00+00:00,TSLA,438.8007,439.62,438.54,438.95,276464
2025-11-11 21:35:00+00:00,TSLA,438.9766,439.62,438.25,438.38,20184
2025-11-11 21:40:00+00:00,TSLA,438.38,438.91,438.3,438.7,14411
2025-11-11 21:45:00+00:00,TSLA,438.705,438.8,438.55,438.61,4872
2025-11-11 21:50:00+00:00,TSLA,438.67,438.8,438.55,438.6874,4760
2025-11-11 21:55:00+00:00,TSLA,438.76,439.62,438.61,438.79,6974
2025-11-11 22:00:00+00:00,TSLA,438.75,438.96,438.7,438.825,7032
2025-11-11 22:05:00+00:00,TSLA,438.82,451.8844,415.9485,439.05,5498
2025-11-11 22:10:00+00:00,TSLA,439.09,439.19,410.45,438.95,9318
2025-11-11 22:15:00+00:00,TSLA,438.99,439.2,410.45,439.09,8199
2025-11-11 22:20:00+00:00,TSLA,439.1,439.14,413.3675,439.07,5586
2025-11-11 22:25:00+00:00,TSLA,439.08,439.1,413.3675,439.0404,4523
2025-11-11 22:30:00+00:00,TSLA,439.055,459.4827,414.5701,438.99,3572
2025-11-11 22:35:00+00:00,TSLA,438.99,459.4827,422.3693,438.9,3969
2025-11-11 22:40:00+00:00,TSLA,438.9,451.8844,438.65,438.75,7507
2025-11-11 22:45:00+00:00,TSLA,438.84,438.99,438.75,438.95,4473
2025-11-11 22:50:00+00:00,TSLA,438.965,439.08,438.82,439.04,6223
2025-11-11 22:55:00+00:00,TSLA,439.06,439.14,438.91,438.95,6785
2025-11-11 23:00:00+00:00,TSLA,438.92,439.14,438.8,438.89,4013
2025-11-11 23:05:00+00:00,TSLA,438.9,438.98,438.5,438.5,10127
2025-11-11 23:10:00+00:00,TSLA,438.501,438.81,438.35,438.645,11782
2025-11-11 23:15:00+00:00,TSLA,438.645,438.97,438.5,438.78,6147
2025-11-11 23:20:00+00:00,TSLA,438.73,438.97,438.66,438.7,10248
2025-11-11 23:25:00+00:00,TSLA,438.735,438.81,438.5505,438.73,5152
2025-11-11 23:30:00+00:00,TSLA,438.66,438.8,438.65,438.74,4121
2025-11-11 23:35:00+00:00,TSLA,438.74,438.76,438.5,438.7599,6911
2025-11-11 23:40:00+00:00,TSLA,438.76,438.81,438.65,438.81,5727
2025-11-11 23:45:00+00:00,TSLA,438.72,438.9,438.7,438.875,3563
2025-11-11 23:50:00+00:00,TSLA,438.853,438.9,438.69,438.745,1998
2025-11-11 23:55:00+00:00,TSLA,438.7988,438.85,438.65,438.71,2687
2025-11-12 00:00:00+00:00,TSLA,438.81,438.9,438.61,438.765,3445
2025-11-12 00:05:00+00:00,TSLA,438.75,438.87,438.69,438.8,4604
2025-11-12 00:10:00+00:00,TSLA,438.85,438.9,438.75,438.7745,5609
2025-11-12 00:15:00+00:00,TSLA,438.795,439.1,438.76,438.955,9025
2025-11-12 00:20:00+00:00,TSLA,438.9899,439.19,438.96,439.17,11418
2025-11-12 00:25:00+00:00,TSLA,439.17,439.22,439.06,439.19,15475
2025-11-12 00:30:00+00:00,TSLA,439.16,439.2,439.02,439.18,9550
2025-11-12 00:35:00+00:00,TSLA,439.2,439.2,439.1,439.11,6334
2025-11-12 00:40:00+00:00,TSLA,439.19,439.2,439.1,439.19,2198
2025-11-12 00:45:00+00:00,TSLA,439.1101,439.19,439.03,439.19,9551
2025-11-12 00:50:00+00:00,TSLA,439.1081,439.3,439.1003,439.245,13443
2025-11-12 00:55:00+00:00,TSLA,439.245,439.29,438.6,439.29,15912
2025-11-14 16:40:00+00:00,TSLA,409.64,412.19,408.24,408.88,2146873
2025-11-14 16:45:00+00:00,TSLA,408.86,410.01,407.29,409.9,1348835
2025-11-14 16:50:00+00:00,TSLA,409.915,410.68,409.26,409.6551,1085434
2025-11-14 16:55:00+00:00,TSLA,409.6528,410.62,408.8706,409.0695,912161
2025-11-14 17:00:00+00:00,TSLA,409.08,409.56,408.53,409.25,728914
2025-11-14 17:05:00+00:00,TSLA,409.23,409.3,406.89,408.5,960046
2025-11-14 17:10:00+00:00,TSLA,408.49,410.2899,408.49,409.86,985813
2025-11-14 17:15:00+00:00,TSLA,409.86,410.0,408.5,409.315,574273
2025-11-14 17:20:00+00:00,TSLA,409.315,409.47,408.5,408.97,453567
2025-11-14 17:25:00+00:00,TSLA,408.93,409.0556,407.7,408.8099,687627
2025-11-14 17:30:00+00:00,TSLA,408.81,408.86,407.5,407.8001,509826
2025-11-14 17:35:00+00:00,TSLA,407.86,410.49,407.62,410.49,860028
2025-11-14 17:40:00+00:00,TSLA,410.4225,410.48,408.9,409.5057,634246
2025-11-14 17:45:00+00:00,TSLA,409.5001,410.0,408.06,408.1395,599702
2025-11-14 17:50:00+00:00,TSLA,408.1642,409.19,406.55,409.148,887933
2025-11-14 17:55:00+00:00,TSLA,409.15,409.4065,408.45,409.045,518344
2025-11-14 18:00:00+00:00,TSLA,409.05,409.6,407.71,408.225,695247
2025-11-14 18:05:00+00:00,TSLA,408.23,409.04,407.2,408.86,1109701
2025-11-14 18:10:00+00:00,TSLA,408.82,410.59,408.44,410.15,991163
2025-11-14 18:15:00+00:00,TSLA,410.11,410.23,408.11,408.526,1006643
2025-11-14 18:20:00+00:00,TSLA,408.595,408.63,405.83,406.245,1182261
2025-11-14 18:25:00+00:00,TSLA,406.25,406.64,404.87,405.93,1153543
2025-11-14 18:30:00+00:00,TSLA,405.89,406.8773,405.23,405.65,1150321
2025-11-14 18:35:00+00:00,TSLA,405.635,406.24,404.53,405.65,910463
2025-11-14 18:40:00+00:00,TSLA,405.66,406.06,404.6878,405.2389,707712
2025-11-14 18:45:00+00:00,TSLA,405.285,406.01,404.96,405.59,563455
2025-11-14 18:50:00+00:00,TSLA,405.59,408.44,405.59,408.215,987320
2025-11-14 18:55:00+00:00,TSLA,408.24,408.49,407.01,407.2601,585086
2025-11-14 19:00:00+00:00,TSLA,407.265,407.6713,405.8465,406.035,519613
2025-11-14 19:05:00+00:00,TSLA,406.0,406.69,405.3,406.475,986139
2025-11-14 19:10:00+00:00,TSLA,406.48,407.68,406.33,407.4144,531281
2025-11-14 19:15:00+00:00,TSLA,407.41,408.08,407.1101,407.5499,519584
2025-11-14 19:20:00+00:00,TSLA,407.52,409.35,407.52,409.045,759142
2025-11-14 19:25:00+00:00,TSLA,409.06,409.13,407.8964,408.52,557630
2025-11-14 19:30:00+00:00,TSLA,408.49,409.13,407.55,408.0272,566680
2025-11-14 19:35:00+00:00,TSLA,408.1,408.48,407.8,408.3,389459
2025-11-14 19:40:00+00:00,TSLA,408.33,408.8799,407.8,408.4422,464229
2025-11-14 19:45:00+00:00,TSLA,408.46,409.05,408.2228,408.54,548574
2025-11-14 19:50:00+00:00,TSLA,408.49,409.49,408.3364,408.7715,520354
2025-11-14 19:55:00+00:00,TSLA,408.78,410.43,408.4801,409.65,871633
2025-11-14 20:00:00+00:00,TSLA,409.72,410.3,409.07,409.79,690600
2025-11-14 20:05:00+00:00,TSLA,409.8113,409.97,408.55,408.8169,547631
2025-11-14 20:10:00+00:00,TSLA,408.835,409.44,407.75,407.895,637699
2025-11-14 20:15:00+00:00,TSLA,407.8701,408.35,406.69,407.02,794011
2025-11-14 20:20:00+00:00,TSLA,407.0613,407.37,405.89,406.85,802512
2025-11-14 20:25:00+00:00,TSLA,406.82,406.98,406.1,406.72,653339
2025-11-14 20:30:00+00:00,TSLA,406.66,407.0,405.88,406.63,723823
2025-11-14 20:35:00+00:00,TSLA,406.64,407.07,405.2,406.235,786648
2025-11-14 20:40:00+00:00,TSLA,406.225,406.33,404.53,405.045,1006999
2025-11-14 20:45:00+00:00,TSLA,405.0701,405.8608,403.53,403.59,986534
2025-11-14 20:50:00+00:00,TSLA,403.62,405.0,403.54,404.538,1172222
2025-11-14 20:55:00+00:00,TSLA,404.55,404.92,403.85,404.32,1641555
2025-11-14 21:00:00+00:00,TSLA,404.41,404.5,401.99,403.6503,4212612
2025-11-14 21:05:00+00:00,TSLA,403.665,404.35,403.65,404.25,63801
2025-11-14 21:10:00+00:00,TSLA,404.27,404.37,404.1,404.2996,32883
2025-11-14 21:15:00+00:00,TSLA,404.25,405.0905,404.2,404.6,69124
2025-11-14 21:20:00+00:00,TSLA,404.6015,405.831,404.35,405.395,108645
2025-11-14 21:25:00+00:00,TSLA,405.39,405.68,404.8,404.93,38998
2025-11-14 21:30:00+00:00,TSLA,404.88,405.0,404.36,404.42,33200
2025-11-14 21:35:00+00:00,TSLA,404.41,404.7,404.24,404.49,22992
2025-11-14 21:40:00+00:00,TSLA,404.385,404.5,404.24,404.27,19259
2025-11-14 21:45:00+00:00,TSLA,404.3,404.5,404.26,404.48,16566
2025-11-14 21:50:00+00:00,TSLA,404.36,421.3994,381.4454,404.1,25943
2025-11-14 21:55:00+00:00,TSLA,404.1,423.4646,400.4836,403.8981,21078
2025-11-14 22:00:00+00:00,TSLA,403.9,425.8223,383.014,404.03,33470
2025-11-14 22:05:00+00:00,TSLA,404.15,423.4646,390.301,403.73,19225
2025-11-14 22:10:00+00:00,TSLA,403.73,421.3994,403.58,403.78,18458
2025-11-14 22:15:00+00:00,TSLA,403.78,404.05,403.7,404.05,10479
2025-11-14 22:20:00+00:00,TSLA,404.04,429.83,396.7992,404.0,12850
2025-11-14 22:25:00+00:00,TSLA,403.99,425.8223,376.3625,404.02,21240
2025-11-14 22:30:00+00:00,TSLA,404.05,404.2,403.85,403.9499,8209
2025-11-14 22:35:00+00:00,TSLA,403.95,420.6809,403.7,403.82,11693
2025-11-14 22:40:00+00:00,TSLA,403.82,403.98,403.75,403.95,9274
2025-11-14 22:45:00+00:00,TSLA,403.98,404.01,403.63,404.01,13979
2025-11-14 22:50:00+00:00,TSLA,404.0,404.2,403.98,404.12,10642
2025-11-14 22:55:00+00:00,TSLA,404.17,404.3,404.0,404.2,9865
2025-11-14 23:00:00+00:00,TSLA,404.17,404.29,404.0081,404.12,8655
2025-11-14 23:05:00+00:00,TSLA,404.1194,404.2,403.945,403.945,9953
2025-11-14 23:10:00+00:00,TSLA,403.94,404.19,403.87,404.0999,10507
2025-11-14 23:15:00+00:00,TSLA,404.085,429.335,404.01,404.16,8362
2025-11-14 23:20:00+00:00,TSLA,404.155,404.49,404.0,404.32,10860
2025-11-14 23:25:00+00:00,TSLA,404.3483,404.57,404.31,404.48,8898
2025-11-14 23:30:00+00:00,TSLA,404.47,404.75,404.3512,404.68,14060
2025-11-14 23:35:00+00:00,TSLA,404.69,404.69,404.33,404.5,11056
2025-11-14 23:40:00+00:00,TSLA,404.5,404.68,404.31,404.31,9081
2025-11-14 23:45:00+00:00,TSLA,404.33,404.6429,404.27,404.6429,7490
2025-11-14 23:50:00+00:00,TSLA,404.5404,404.65,404.45,404.5525,6173
2025-11-14 23:55:00+00:00,TSLA,404.6,404.74,404.55,404.67,7078
2025-11-15 00:00:00+00:00,TSLA,404.67,404.9,404.6,404.86,11238
2025-11-15 00:05:00+00:00,TSLA,404.86,405.0,404.82,404.96,14482
2025-11-15 00:10:00+00:00,TSLA,404.99,405.0,404.83,404.9,9981
2025-11-15 00:15:00+00:00,TSLA,404.89,404.95,404.83,404.88,4613
2025-11-15 00:20:00+00:00,TSLA,404.88,404.9299,404.8,404.9,7947
2025-11-15 00:25:00+00:00,TSLA,404.92,404.94,404.86,404.9,5858
2025-11-15 00:30:00+00:00,TSLA,404.8998,405.4,404.8998,405.35,22615
2025-11-15 00:35:00+00:00,TSLA,405.36,405.67,405.2,405.6,17049
2025-11-15 00:40:00+00:00,TSLA,405.6,405.63,405.3198,405.59,14465
2025-11-15 00:45:00+00:00,TSLA,405.59,405.6,405.4,405.59,16644
2025-11-15 00:50:00+00:00,TSLA,405.59,405.68,405.5,405.65,13761
2025-11-15 00:55:00+00:00,TSLA,405.68,405.68,405.1833,405.46,36299
